"구분(1)",구분(2),2021,2021,2021,2021,2021,2021,2021,2021,2021,2021,2021,2021,2021,2021,2021,2021,2021,2021,2021,2021
"구분(1)",구분(2),건물내 노후 수도관 교체 지원,건물내 노후 수도관 교체 지원,건물내 노후 수도관 교체 지원,건물내 노후 수도관 교체 지원,건물내 노후 수도관 세척(녹제거) 지원,건물내 노후 수도관 세척(녹제거) 지원,건물내 노후 수도관 세척(녹제거) 지원,건물내 노후 수도관 세척(녹제거) 지원,가정 내 무료 수질검사,가정 내 무료 수질검사,가정 내 무료 수질검사,가정 내 무료 수질검사,연1회 수돗물품질보고서 제공,연1회 수돗물품질보고서 제공,연1회 수돗물품질보고서 제공,연1회 수돗물품질보고서 제공,취약계층 수도요금 감면,취약계층 수도요금 감면,취약계층 수도요금 감면,취약계층 수도요금 감면
"구분(1)",구분(2),인지도,인지도,이용경험,이용경험,인지도,인지도,이용경험,이용경험,인지도,인지도,이용경험,이용경험,인지도,인지도,이용경험,이용경험,인지도,인지도,이용경험,이용경험
"구분(1)",구분(2),모른다,안다,있다,없다,모른다,안다,있다,없다,모른다,안다,있다,없다,모른다,안다,있다,없다,모른다,안다,있다,없다
"전체",소계,73.9,26.1,13.6,86.4,81.3,18.7,20.6,79.4,82.5,17.5,24.3,75.7,89.1,10.9,17.3,82.7,66.2,33.8,7.1,92.9
"성별",남자,73.1,26.9,14.1,85.9,80.1,19.9,19.9,80.1,82.4,17.6,19.4,80.6,88.4,11.6,15.7,84.3,65.9,34.1,6.8,93.2
"성별",여자,74.2,25.8,13.3,86.7,81.9,18.1,21.0,79.0,82.5,17.5,26.9,73.1,89.4,10.6,18.2,81.8,66.3,33.7,7.2,92.8
"연령",20대 이하,85.3,14.7,20.1,79.9,88.4,11.6,26.6,73.4,88.0,12.0,13.7,86.3,92.6,7.4,7.3,92.7,77.8,22.2,3.4,96.6
"연령",30대,74.4,25.6,13.3,86.7,81.5,18.5,22.7,77.3,81.4,18.6,23.4,76.6,88.3,11.7,19.5,80.5,68.7,31.3,4.5,95.5
"연령",40대,71.1,28.9,13.1,86.9,79.2,20.8,20.7,79.3,79.9,20.1,25.5,74.5,87.8,12.2,19.2,80.8,62.4,37.6,3.8,96.2
"연령",50대,69.6,30.4,12.3,87.7,78.3,21.7,19.2,80.8,79.4,20.6,25.3,74.7,87.2,12.8,17.0,83.0,61.5,38.5,5.5,94.5
"연령",60대 이상,76.0,24.0,14.5,85.5,83.2,16.8,19.9,80.1,85.8,14.2,24.7,75.3,90.9,9.1,16.2,83.8,68.4,31.6,12.8,87.2
"지역",서울특별시,61.6,38.4,9.1,90.9,73.5,26.5,20.8,79.2,70.1,29.9,32.5,67.5,84.0,16.0,21.0,79.0,64.4,35.6,5.2,94.8
"지역",부산광역시,65.2,34.8,10.7,89.3,77.6,22.4,15.1,84.9,86.5,13.5,6.1,93.9,87.8,12.2,0.3,99.7,55.2,44.8,6.4,93.6
"지역",대구광역시,84.0,16.0,5.5,94.5,92.3,7.7,6.6,93.4,95.4,4.6,13.6,86.4,98.0,2.0,12.8,87.2,64.1,35.9,8.8,91.2
"지역",인천광역시,47.3,52.7,5.1,94.9,65.3,34.7,5.2,94.8,69.2,30.8,13.6,86.4,76.8,23.2,7.8,92.2,54.2,45.8,4.0,96.0
"지역",광주광역시,45.5,54.5,49.6,50.4,53.1,46.9,60.0,40.0,64.5,35.5,36.2,63.8,72.2,27.8,20.3,79.7,46.5,53.5,6.3,93.7
"지역",대전광역시,62.9,37.1,29.7,70.3,68.4,31.6,28.5,71.5,73.1,26.9,12.7,87.3,82.2,17.8,5.9,94.1,54.0,46.0,2.2,97.8
"지역",울산광역시,93.9,6.1,15.6,84.4,96.2,3.8,7.7,92.3,94.1,5.9,15.1,84.9,95.6,4.4,27.4,72.6,68.7,31.3,7.2,92.8
"지역",세종특별자치시,72.4,27.6,13.9,86.1,74.7,25.3,41.9,58.1,72.8,27.2,12.2,87.8,84.7,15.3,14.6,85.4,74.4,25.6,0.9,99.1
"지역",경기도 수원시,65.3,34.7,2.2,97.8,86.0,14.0,1.8,98.2,79.6,20.4,2.5,97.5,94.1,5.9,1.6,98.4,62.0,38.0,0.5,99.5
"지역",경기도 성남시,78.4,21.6,42.3,57.7,65.0,35.0,22.9,77.1,72.8,27.2,45.9,54.1,81.8,18.2,23.4,76.6,57.0,43.0,17.8,82.2
"지역",경기도 의정부시,58.8,41.2,13.8,86.2,66.3,33.7,19.5,80.5,73.7,26.3,17.8,82.2,81.1,18.9,15.2,84.8,73.9,26.1,7.1,92.9
"지역",경기도 안양시,75.2,24.8,2.7,97.3,80.8,19.2,39.9,60.1,84.1,15.9,49.6,50.4,94.1,5.9,24.0,76.0,70.3,29.7,3.8,96.2
"지역",경기도 부천시,71.9,28.1,26.2,73.8,78.0,22.0,25.7,74.3,88.5,11.5,8.5,91.5,92.8,7.2,2.8,97.2,73.9,26.1,5.2,94.8
"지역",경기도 광명시,81.9,18.1,2.0,98.0,83.1,16.9,64.6,35.4,83.9,16.1,67.4,32.6,95.7,4.3,30.3,69.7,70.1,29.9,7.5,92.5
"지역",경기도 평택시,54.4,45.6,31.0,69.0,60.3,39.7,38.1,61.9,69.9,30.1,14.4,85.6,77.2,22.8,4.7,95.3,70.3,29.7,5.1,94.9
"지역",경기도 동두천시,58.9,41.1,2.3,97.7,87.8,12.2,18.2,81.8,26.1,73.9,30.3,69.7,76.1,23.9,18.6,81.4,64.0,36.0,9.9,90.1
"지역",경기도 안산시,71.5,28.5,17.0,83.0,75.3,24.7,13.0,87.0,88.4,11.6,3.1,96.9,94.8,5.2,9.0,91.0,77.2,22.8,12.5,87.5
"지역",경기도 고양시,71.8,28.2,8.0,92.0,89.7,10.3,8.6,91.4,82.9,17.1,2.6,97.4,91.6,8.4,2.7,97.3,69.9,30.1,4.9,95.1
"지역",경기도 과천시,18.6,81.4,0.9,99.1,52.9,47.1,0.8,99.2,67.2,32.8,4.8,95.2,73.9,26.1,3.1,96.9,38.6,61.4,1.2,98.8
"지역",경기도 구리시,58.1,41.9,10.9,89.1,76.0,24.0,16.1,83.9,87.4,12.6,11.7,88.3,93.9,6.1,0.0,100.0,64.7,35.3,5.1,94.9
"지역",경기도 남양주시,72.2,27.8,3.2,96.8,76.8,23.2,1.8,98.2,73.2,26.8,13.0,87.0,84.8,15.2,5.2,94.8,72.1,27.9,5.5,94.5
"지역",경기도 오산시,39.8,60.2,37.5,62.5,41.6,58.4,40.9,59.1,68.9,31.1,25.5,74.5,81.4,18.6,4.7,95.3,76.8,23.2,1.5,98.5
"지역",경기도 시흥시,78.7,21.3,9.9,90.1,84.0,16.0,8.0,92.0,79.1,20.9,31.8,68.2,87.0,13.0,38.6,61.4,74.8,25.2,14.5,85.5
"지역",경기도 군포시,54.9,45.1,53.9,46.1,69.2,30.8,56.4,43.6,87.2,12.8,4.9,95.1,89.0,11.0,0.0,100.0,75.0,25.0,1.4,98.6
"지역",경기도 의왕시,78.9,21.1,42.7,57.3,83.2,16.8,40.5,59.5,91.8,8.2,20.6,79.4,98.2,1.8,0.0,100.0,93.7,6.3,0.0,100.0
"지역",경기도 하남시,68.5,31.5,3.5,96.5,71.9,28.1,5.9,94.1,64.7,35.3,10.3,89.7,83.2,16.8,0.0,100.0,57.0,43.0,4.2,95.8
"지역",경기도 용인시,87.1,12.9,1.4,98.6,90.4,9.6,0.0,100.0,91.1,8.9,41.5,58.5,96.2,3.8,23.8,76.2,79.2,20.8,15.0,85.0
"지역",경기도 파주시,55.7,44.3,8.5,91.5,67.2,32.8,9.9,90.1,75.8,24.2,24.9,75.1,89.4,10.6,9.0,91.0,57.2,42.8,13.7,86.3
"지역",경기도 이천시,83.1,16.9,0.0,100.0,87.2,12.8,0.0,100.0,98.4,1.6,0.0,100.0,100.0,0.0,-,-,87.0,13.0,0.0,100.0
"지역",경기도 안성시,46.7,53.3,15.7,84.3,66.6,33.4,19.8,80.2,70.3,29.7,28.7,71.3,77.1,22.9,33.1,66.9,54.0,46.0,1.3,98.7
"지역",경기도 김포시,70.7,29.3,11.5,88.5,78.2,21.8,16.6,83.4,91.5,8.5,44.4,55.6,91.4,8.6,67.8,32.2,78.9,21.1,15.1,84.9
"지역",경기도 화성시,68.0,32.0,0.6,99.4,77.0,23.0,15.3,84.7,75.8,24.2,15.6,84.4,85.8,14.2,5.7,94.3,75.7,24.3,1.5,98.5
"지역",경기도 광주시,57.0,43.0,9.5,90.5,58.5,41.5,33.3,66.7,61.6,38.4,28.7,71.3,80.9,19.1,32.6,67.4,77.9,22.1,5.8,94.2
"지역",경기도 양주시,69.0,31.0,2.8,97.2,74.6,25.4,6.1,93.9,67.1,32.9,36.6,63.4,75.8,24.2,16.5,83.5,64.8,35.2,1.0,99.0
"지역",경기도 포천시,46.8,53.2,0.8,99.2,57.6,42.4,1.0,99.0,83.1,16.9,1.9,98.1,90.3,9.7,0.0,100.0,71.0,29.0,0.0,100.0
"지역",경기도 여주시,76.2,23.8,18.7,81.3,85.1,14.9,23.6,76.4,95.4,4.6,23.4,76.6,97.3,2.7,27.2,72.8,62.0,38.0,0.9,99.1
"지역",경기도 연천군,63.3,36.7,1.3,98.7,69.0,31.0,0.7,99.3,90.1,9.9,24.2,75.8,91.3,8.7,4.9,95.1,73.2,26.8,12.2,87.8
"지역",경기도 가평군,86.4,13.6,9.6,90.4,90.3,9.7,28.8,71.2,95.8,4.2,43.2,56.8,94.0,6.0,0.0,100.0,89.7,10.3,2.5,97.5
"지역",경기도 양평군,58.8,41.2,2.9,97.1,75.0,25.0,4.7,95.3,82.8,17.2,21.1,78.9,87.6,12.4,27.0,73.0,83.0,17.0,9.5,90.5
"지역",강원도 춘천시,91.1,8.9,6.5,93.5,96.6,3.4,4.1,95.9,98.6,1.4,0.0,100.0,99.2,0.8,0.0,100.0,73.6,26.4,11.6,88.4
"지역",강원도 원주시,96.6,3.4,8.4,91.6,98.4,1.6,13.5,86.5,96.8,3.2,8.3,91.7,98.9,1.1,16.2,83.8,75.6,24.4,16.1,83.9
"지역",강원도 강릉시,99.2,0.8,21.3,78.7,99.5,0.5,53.9,46.1,97.6,2.4,55.5,44.5,99.5,0.5,42.6,57.4,68.2,31.8,6.5,93.5
"지역",강원도 동해시,92.4,7.6,23.2,76.8,93.4,6.6,9.8,90.2,91.6,8.4,26.2,73.8,88.5,11.5,38.0,62.0,61.6,38.4,23.2,76.8
"지역",강원도 태백시,75.5,24.5,4.4,95.6,81.4,18.6,0.0,100.0,90.0,10.0,18.1,81.9,94.9,5.1,14.3,85.7,37.9,62.1,3.3,96.7
"지역",강원도 속초시,93.2,6.8,0.0,100.0,95.2,4.8,0.0,100.0,95.6,4.4,0.0,100.0,96.6,3.4,0.0,100.0,40.2,59.8,13.2,86.8
"지역",강원도 삼척시,90.1,9.9,12.0,88.0,92.5,7.5,0.0,100.0,93.5,6.5,0.0,100.0,94.7,5.3,5.8,94.2,77.0,23.0,1.7,98.3
"지역",강원도 홍천군,90.2,9.8,12.9,87.1,94.2,5.8,0.0,100.0,97.2,2.8,0.0,100.0,98.3,1.7,14.1,85.9,82.7,17.3,11.1,88.9
"지역",강원도 횡성군,93.7,6.3,13.7,86.3,93.2,6.8,0.0,100.0,95.3,4.7,15.0,85.0,92.9,7.1,47.8,52.2,41.6,58.4,21.8,78.2
"지역",강원도 영월군,97.2,2.8,19.1,80.9,98.7,1.3,0.0,100.0,97.3,2.7,41.1,58.9,97.7,2.3,41.2,58.8,93.6,6.4,17.3,82.7
"지역",강원도 평창군,70.9,29.1,2.7,97.3,70.9,29.1,0.0,100.0,70.7,29.3,2.6,97.4,73.0,27.0,1.4,98.6,49.5,50.5,3.6,96.4
"지역",강원도 정선군,90.3,9.7,29.9,70.1,94.5,5.5,32.7,67.3,92.4,7.6,29.7,70.3,90.0,10.0,49.6,50.4,74.4,25.6,16.4,83.6
"지역",강원도 철원군,64.6,35.4,0.4,99.6,99.0,1.0,0.0,100.0,99.0,1.0,47.8,52.2,99.5,0.5,0.0,100.0,54.9,45.1,1.8,98.2
"지역",강원도 화천군,85.3,14.7,2.3,97.7,87.1,12.9,8.6,91.4,89.7,10.3,13.5,86.5,92.0,8.0,10.4,89.6,62.1,37.9,5.5,94.5
"지역",강원도 양구군,93.6,6.4,0.0,100.0,95.6,4.4,0.0,100.0,90.0,10.0,25.7,74.3,95.3,4.7,35.8,64.2,80.6,19.4,12.2,87.8
"지역",강원도 인제군,84.7,15.3,12.5,87.5,88.1,11.9,5.3,94.7,78.7,21.3,21.3,78.7,63.2,36.8,67.2,32.8,29.9,70.1,9.7,90.3
"지역",강원도 고성군,97.3,2.7,0.0,100.0,97.8,2.2,11.4,88.6,96.1,3.9,42.1,57.9,91.0,9.0,84.4,15.6,83.2,16.8,8.7,91.3
"지역",강원도 양양군,85.4,14.6,17.1,82.9,94.6,5.4,0.0,100.0,95.7,4.3,28.5,71.5,95.5,4.5,16.6,83.4,41.3,58.7,11.4,88.6
"지역",충청북도 충주시,58.2,41.8,5.6,94.4,71.9,28.1,1.5,98.5,79.0,21.0,0.6,99.4,78.8,21.2,1.5,98.5,29.9,70.1,12.9,87.1
"지역",충청북도 제천시,92.3,7.7,4.1,95.9,95.6,4.4,0.0,100.0,96.1,3.9,0.0,100.0,95.8,4.2,14.1,85.9,65.8,34.2,9.6,90.4
"지역",충청북도 청주시,88.4,11.6,1.2,98.8,89.4,10.6,0.7,99.3,89.4,10.6,4.3,95.7,93.9,6.1,18.3,81.7,72.8,27.2,3.3,96.7
"지역",충청북도 보은군,93.1,6.9,3.8,96.2,86.2,13.8,8.5,91.5,97.7,2.3,14.4,85.6,99.4,0.6,0.0,100.0,64.5,35.5,4.5,95.5
"지역",충청북도 옥천군,97.7,2.3,38.9,61.1,98.2,1.8,0.0,100.0,97.5,2.5,14.3,85.7,97.8,2.2,16.2,83.8,94.6,5.4,2.7,97.3
"지역",충청북도 영동군,86.2,13.8,1.9,98.1,89.0,11.0,0.0,100.0,96.4,3.6,0.0,100.0,99.2,0.8,0.0,100.0,75.4,24.6,1.1,98.9
"지역",충청북도 진천군,80.6,19.4,2.2,97.8,80.2,19.8,5.4,94.6,79.6,20.4,2.1,97.9,80.8,19.2,2.5,97.5,68.1,31.9,6.5,93.5
"지역",충청북도 괴산군,97.0,3.0,8.9,91.1,97.3,2.7,5.1,94.9,97.9,2.1,0.0,100.0,98.9,1.1,12.3,87.7,58.9,41.1,1.9,98.1
"지역",충청북도 음성군,90.0,10.0,11.3,88.7,93.6,6.4,15.4,84.6,93.2,6.8,14.1,85.9,97.7,2.3,0.0,100.0,82.6,17.4,5.5,94.5
"지역",충청북도 단양군,90.7,9.3,0.0,100.0,92.6,7.4,8.0,92.0,87.0,13.0,15.0,85.0,85.9,14.1,42.3,57.7,81.4,18.6,9.2,90.8
"지역",충청북도 증평군,97.3,2.7,0.0,100.0,98.4,1.6,0.0,100.0,97.8,2.2,0.0,100.0,95.9,4.1,22.1,77.9,70.8,29.2,7.9,92.1
"지역",충청남도 천안시,96.9,3.1,11.4,88.6,97.4,2.6,12.2,87.8,96.6,3.4,13.9,86.1,97.5,2.5,12.7,87.3,73.9,26.1,8.6,91.4
"지역",충청남도 공주시,99.7,0.3,0.0,100.0,99.7,0.3,0.0,100.0,98.7,1.3,21.4,78.6,98.9,1.1,25.9,74.1,65.2,34.8,11.4,88.6
"지역",충청남도 보령시,94.4,5.6,0.0,100.0,96.1,3.9,0.0,100.0,93.7,6.3,4.5,95.5,95.5,4.5,8.7,91.3,76.6,23.4,32.4,67.6
"지역",충청남도 아산시,96.1,3.9,0.0,100.0,96.5,3.5,0.0,100.0,96.6,3.4,0.0,100.0,97.9,2.1,0.0,100.0,86.4,13.6,4.5,95.5
"지역",충청남도 서산시,94.0,6.0,0.0,100.0,97.4,2.6,13.0,87.0,90.9,9.1,14.1,85.9,98.1,1.9,34.5,65.5,74.1,25.9,10.7,89.3
"지역",충청남도 논산시,96.2,3.8,5.9,94.1,96.5,3.5,6.4,93.6,92.1,7.9,18.8,81.2,97.1,2.9,27.3,72.7,73.9,26.1,4.4,95.6
"지역",충청남도 계룡시,90.6,9.4,11.0,89.0,94.1,5.9,6.1,93.9,94.2,5.8,16.9,83.1,96.2,3.8,35.5,64.5,44.2,55.8,3.9,96.1
"지역",충청남도 당진시,95.8,4.2,6.9,93.1,96.3,3.7,8.5,91.5,95.4,4.6,25.6,74.4,97.1,2.9,19.7,80.3,76.1,23.9,7.9,92.1
"지역",충청남도 금산군,95.4,4.6,0.0,100.0,98.0,2.0,0.0,100.0,86.6,13.4,50.0,50.0,95.7,4.3,44.7,55.3,82.5,17.5,14.9,85.1
"지역",충청남도 부여군,96.4,3.6,14.6,85.4,96.8,3.2,0.0,100.0,95.1,4.9,6.8,93.2,96.2,3.8,26.5,73.5,85.5,14.5,2.5,97.5
"지역",충청남도 서천군,88.4,11.6,27.9,72.1,90.3,9.7,22.6,77.4,87.7,12.3,25.7,74.3,97.6,2.4,11.8,88.2,74.0,26.0,22.4,77.6
"지역",충청남도 청양군,89.7,10.3,10.8,89.2,78.6,21.4,32.5,67.5,90.7,9.3,21.9,78.1,98.6,1.4,0.0,100.0,68.2,31.8,2.0,98.0
"지역",충청남도 홍성군,94.6,5.4,0.0,100.0,96.9,3.1,0.0,100.0,99.0,1.0,0.0,100.0,98.6,1.4,0.0,100.0,78.2,21.8,0.0,100.0
"지역",충청남도 예산군,93.7,6.3,0.0,100.0,93.9,6.1,11.7,88.3,92.8,7.2,10.0,90.0,93.1,6.9,10.5,89.5,80.6,19.4,9.2,90.8
"지역",충청남도 태안군,94.1,5.9,0.0,100.0,95.4,4.6,0.0,100.0,93.0,7.0,4.1,95.9,99.8,0.2,0.0,100.0,69.5,30.5,7.5,92.5
"지역",전라북도 전주시,95.5,4.5,7.8,92.2,96.3,3.7,0.0,100.0,97.9,2.1,8.0,92.0,98.9,1.1,15.1,84.9,75.3,24.7,10.5,89.5
"지역",전라북도 군산시,95.6,4.4,0.0,100.0,96.1,3.9,2.6,97.4,94.3,5.7,0.0,100.0,95.3,4.7,11.8,88.2,53.7,46.3,6.0,94.0
"지역",전라북도 익산시,90.7,9.3,2.5,97.5,90.9,9.1,1.5,98.5,83.5,16.5,15.0,85.0,81.5,18.5,60.6,39.4,63.2,36.8,20.6,79.4
"지역",전라북도 정읍시,88.4,11.6,24.9,75.1,91.9,8.1,30.0,70.0,63.5,36.5,76.1,23.9,89.9,10.1,21.0,79.0,39.3,60.7,18.6,81.4
"지역",전라북도 남원시,96.8,3.2,11.3,88.7,98.5,1.5,0.0,100.0,98.1,1.9,0.0,100.0,98.5,1.5,32.0,68.0,30.4,69.6,7.6,92.4
"지역",전라북도 김제시,95.8,4.2,17.2,82.8,97.3,2.7,22.4,77.6,97.7,2.3,0.0,100.0,98.6,1.4,0.0,100.0,77.5,22.5,20.5,79.5
"지역",전라북도 완주군,96.2,3.8,0.0,100.0,96.5,3.5,0.0,100.0,99.3,0.7,0.0,100.0,99.2,0.8,0.0,100.0,95.3,4.7,0.0,100.0
"지역",전라북도 진안군,90.4,9.6,22.7,77.3,95.0,5.0,15.3,84.7,90.2,9.8,19.3,80.7,95.2,4.8,29.5,70.5,76.4,23.6,10.3,89.7
"지역",전라북도 무주군,92.9,7.1,9.1,90.9,94.1,5.9,7.5,92.5,94.3,5.7,10.0,90.0,95.7,4.3,41.1,58.9,78.6,21.4,16.2,83.8
"지역",전라북도 장수군,84.2,15.8,0.0,100.0,87.8,12.2,0.0,100.0,87.2,12.8,0.0,100.0,91.6,8.4,0.0,100.0,87.8,12.2,0.0,100.0
"지역",전라북도 임실군,88.4,11.6,0.0,100.0,91.1,8.9,0.0,100.0,93.0,7.0,0.0,100.0,96.5,3.5,0.0,100.0,73.3,26.7,6.1,93.9
"지역",전라북도 순창군,83.1,16.9,0.0,100.0,85.6,14.4,0.0,100.0,83.1,16.9,0.0,100.0,85.0,15.0,0.0,100.0,62.5,37.5,3.5,96.5
"지역",전라북도 고창군,73.3,26.7,0.8,99.2,72.5,27.5,0.0,100.0,89.0,11.0,0.0,100.0,93.8,6.2,0.0,100.0,50.2,49.8,7.8,92.2
"지역",전라북도 부안군,96.1,3.9,37.0,63.0,98.1,1.9,46.9,53.1,97.1,2.9,30.5,69.5,95.7,4.3,34.9,65.1,84.5,15.5,24.0,76.0
"지역",전라남도 목포시,96.5,3.5,0.0,100.0,96.8,3.2,0.0,100.0,97.1,2.9,0.0,100.0,97.1,2.9,19.5,80.5,83.6,16.4,13.5,86.5
"지역",전라남도 여수시,96.2,3.8,22.2,77.8,96.6,3.4,19.0,81.0,98.4,1.6,0.0,100.0,98.9,1.1,0.0,100.0,88.6,11.4,22.4,77.6
"지역",전라남도 순천시,90.0,10.0,19.6,80.4,93.3,6.7,22.7,77.3,93.7,6.3,15.5,84.5,94.8,5.2,13.2,86.8,67.5,32.5,8.6,91.4
"지역",전라남도 나주시,65.0,35.0,94.5,5.5,65.3,34.7,94.5,5.5,50.2,49.8,90.7,9.3,58.3,41.7,92.6,7.4,47.2,52.8,9.9,90.1
"지역",전라남도 광양시,88.2,11.8,14.2,85.8,91.8,8.2,3.5,96.5,93.7,6.3,4.6,95.4,97.0,3.0,9.6,90.4,56.3,43.7,3.7,96.3
"지역",전라남도 담양군,95.5,4.5,31.5,68.5,94.8,5.2,0.0,100.0,96.3,3.7,12.3,87.7,99.0,1.0,39.2,60.8,44.3,55.7,3.3,96.7
"지역",전라남도 곡성군,92.8,7.2,38.6,61.4,94.4,5.6,4.9,95.1,95.4,4.6,6.0,94.0,95.4,4.6,6.0,94.0,88.2,11.8,3.4,96.6
"지역",전라남도 구례군,95.0,5.0,6.7,93.3,97.3,2.7,8.0,92.0,96.1,3.9,25.7,74.3,92.2,7.8,31.5,68.5,79.7,20.3,11.7,88.3
"지역",전라남도 고흥군,76.0,24.0,75.3,24.7,91.5,8.5,46.3,53.7,95.9,4.1,0.0,100.0,96.4,3.6,0.0,100.0,77.0,23.0,6.7,93.3
"지역",전라남도 보성군,98.1,1.9,8.5,91.5,98.6,1.4,0.0,100.0,98.4,1.6,0.0,100.0,98.6,1.4,0.0,100.0,88.7,11.3,4.3,95.7
"지역",전라남도 화순군,96.5,3.5,13.3,86.7,97.2,2.8,7.6,92.4,97.6,2.4,28.3,71.7,97.8,2.2,21.3,78.7,84.6,15.4,34.6,65.4
"지역",전라남도 장흥군,94.2,5.8,3.9,96.1,95.7,4.3,7.8,92.2,93.4,6.6,15.2,84.8,97.9,2.1,13.3,86.7,80.6,19.4,15.5,84.5
"지역",전라남도 강진군,94.2,5.8,0.0,100.0,94.5,5.5,0.0,100.0,97.1,2.9,0.0,100.0,97.5,2.5,12.4,87.6,84.9,15.1,29.0,71.0
"지역",전라남도 해남군,95.2,4.8,10.0,90.0,95.0,5.0,9.6,90.4,94.4,5.6,19.8,80.2,96.3,3.7,0.0,100.0,78.6,21.4,6.6,93.4
"지역",전라남도 영암군,92.2,7.8,6.5,93.5,95.5,4.5,5.7,94.3,91.1,8.9,2.9,97.1,96.8,3.2,24.9,75.1,98.0,2.0,0.0,100.0
"지역",전라남도 무안군,91.7,8.3,2.7,97.3,93.2,6.8,0.0,100.0,94.1,5.9,19.8,80.2,98.0,2.0,0.0,100.0,85.6,14.4,6.8,93.2
"지역",전라남도 함평군,95.6,4.4,4.7,95.3,95.4,4.6,13.7,86.3,78.3,21.7,47.7,52.3,95.8,4.2,0.0,100.0,69.1,30.9,9.5,90.5
"지역",전라남도 영광군,97.9,2.1,0.0,100.0,96.3,3.7,35.9,64.1,95.7,4.3,3.7,96.3,97.7,2.3,6.9,93.1,88.4,11.6,9.9,90.1
"지역",전라남도 장성군,93.4,6.6,10.1,89.9,94.1,5.9,0.0,100.0,93.8,6.2,8.7,91.3,95.7,4.3,5.5,94.5,68.8,31.2,3.1,96.9
"지역",전라남도 완도군,97.6,2.4,0.0,100.0,98.2,1.8,0.0,100.0,83.9,16.1,21.5,78.5,98.4,1.6,0.0,100.0,76.0,24.0,5.1,94.9
"지역",전라남도 진도군,99.0,1.0,0.0,100.0,100.0,0.0,-,-,100.0,0.0,-,-,100.0,0.0,-,-,93.3,6.7,0.0,100.0
"지역",전라남도 신안군,77.8,22.2,2.5,97.5,89.4,10.6,0.0,100.0,95.7,4.3,25.3,74.7,98.7,1.3,0.0,100.0,75.0,25.0,5.5,94.5
"지역",경상북도 포항시,97.3,2.7,0.0,100.0,97.8,2.2,0.0,100.0,97.8,2.2,0.0,100.0,98.2,1.8,20.7,79.3,85.0,15.0,12.4,87.6
"지역",경상북도 경주시,95.4,4.6,11.3,88.7,97.1,2.9,0.0,100.0,95.2,4.8,20.5,79.5,94.9,5.1,25.0,75.0,71.5,28.5,14.0,86.0
"지역",경상북도 김천시,57.6,42.4,1.6,98.4,86.2,13.8,0.0,100.0,99.2,0.8,78.2,21.8,98.9,1.1,0.0,100.0,65.3,34.7,7.7,92.3
"지역",경상북도 안동시,99.1,0.9,0.0,100.0,99.2,0.8,0.0,100.0,98.3,1.7,0.0,100.0,93.2,6.8,67.3,32.7,73.7,26.3,10.8,89.2
"지역",경상북도 구미시,94.4,5.6,38.2,61.8,97.0,3.0,35.6,64.4,87.0,13.0,83.5,16.5,94.8,5.2,95.2,4.8,82.0,18.0,24.8,75.2
"지역",경상북도 영주시,93.3,6.7,68.5,31.5,96.1,3.9,35.4,64.6,93.3,6.7,57.8,42.2,78.7,21.3,75.4,24.6,69.9,30.1,6.8,93.2
"지역",경상북도 영천시,87.5,12.5,6.9,93.1,92.9,7.1,0.0,100.0,98.3,1.7,0.0,100.0,98.2,1.8,0.0,100.0,66.3,33.7,5.6,94.4
"지역",경상북도 상주시,99.5,0.5,0.0,100.0,99.5,0.5,0.0,100.0,99.8,0.2,0.0,100.0,99.8,0.2,0.0,100.0,95.2,4.8,19.2,80.8
"지역",경상북도 문경시,81.9,18.1,3.9,96.1,85.7,14.3,0.0,100.0,99.7,0.3,100.0,0.0,100.0,0.0,-,-,90.5,9.5,6.8,93.2
"지역",경상북도 경산시,87.5,12.5,7.5,92.5,94.8,5.2,0.0,100.0,96.4,3.6,21.8,78.2,97.3,2.7,0.0,100.0,71.5,28.5,4.9,95.1
"지역",경상북도 군위군,76.9,23.1,16.0,84.0,78.5,21.5,12.3,87.7,97.5,2.5,0.0,100.0,98.3,1.7,0.0,100.0,72.7,27.3,11.5,88.5
"지역",경상북도 의성군,96.5,3.5,7.1,92.9,96.1,3.9,21.4,78.6,96.5,3.5,0.0,100.0,97.6,2.4,0.0,100.0,83.6,16.4,19.7,80.3
"지역",경상북도 청송군,84.7,15.3,0.0,100.0,87.8,12.2,0.0,100.0,91.1,8.9,0.0,100.0,95.2,4.8,0.0,100.0,80.8,19.2,0.0,100.0
"지역",경상북도 영양군,96.2,3.8,0.0,100.0,97.4,2.6,0.0,100.0,97.4,2.6,0.0,100.0,97.4,2.6,0.0,100.0,95.8,4.2,7.8,92.2
"지역",경상북도 영덕군,82.6,17.4,0.0,100.0,96.2,3.8,0.0,100.0,95.3,4.7,0.0,100.0,97.5,2.5,0.0,100.0,75.8,24.2,17.0,83.0
"지역",경상북도 청도군,89.0,11.0,3.7,96.3,92.4,7.6,8.9,91.1,96.2,3.8,0.0,100.0,97.8,2.2,0.0,100.0,77.1,22.9,10.5,89.5
"지역",경상북도 고령군,100.0,0.0,-,-,100.0,0.0,-,-,100.0,0.0,-,-,99.4,0.6,0.0,100.0,88.4,11.6,9.3,90.7
"지역",경상북도 성주군,100.0,0.0,-,-,100.0,0.0,-,-,100.0,0.0,-,-,100.0,0.0,-,-,91.7,8.3,0.0,100.0
"지역",경상북도 칠곡군,94.4,5.6,2.4,97.6,95.6,4.4,0.0,100.0,87.2,12.8,42.2,57.8,92.0,8.0,52.8,47.2,69.9,30.1,14.2,85.8
"지역",경상북도 예천군,97.6,2.4,15.5,84.5,98.5,1.5,0.0,100.0,97.2,2.8,40.3,59.7,96.5,3.5,33.9,66.1,85.6,14.4,6.8,93.2
"지역",경상북도 봉화군,83.9,16.1,0.0,100.0,100.0,0.0,-,-,100.0,0.0,-,-,99.8,0.2,0.0,100.0,92.1,7.9,13.2,86.8
"지역",경상북도 울진군,78.6,21.4,5.2,94.8,88.1,11.9,4.5,95.5,89.6,10.4,5.5,94.5,92.4,7.6,20.8,79.2,73.6,26.4,3.4,96.6
"지역",경상북도 울릉군,83.1,16.9,11.4,88.6,84.4,15.6,5.0,95.0,85.9,14.1,0.0,100.0,86.9,13.1,0.0,100.0,80.5,19.5,5.6,94.4
"지역",경상남도 창원시,94.9,5.1,2.2,97.8,96.9,3.1,0.0,100.0,97.2,2.8,7.7,92.3,99.2,0.8,0.0,100.0,79.3,20.7,4.3,95.7
"지역",경상남도 진주시,92.6,7.4,5.8,94.2,95.8,4.2,9.4,90.6,94.5,5.5,27.1,72.9,95.3,4.7,64.4,35.6,72.1,27.9,14.9,85.1
"지역",경상남도 통영시,98.7,1.3,0.0,100.0,98.2,1.8,0.0,100.0,83.6,16.4,53.0,47.0,84.4,15.6,51.5,48.5,37.8,62.2,9.3,90.7
"지역",경상남도 사천시,83.3,16.7,1.6,98.4,83.4,16.6,0.0,100.0,70.3,29.7,4.2,95.8,86.3,13.7,0.0,100.0,46.2,53.8,2.1,97.9
"지역",경상남도 김해시,90.9,9.1,16.2,83.8,94.7,5.3,23.9,76.1,92.1,7.9,20.8,79.2,92.6,7.4,20.7,79.3,58.8,41.2,6.6,93.4
"지역",경상남도 밀양시,98.7,1.3,0.0,100.0,98.6,1.4,0.0,100.0,98.6,1.4,0.0,100.0,98.8,1.2,0.0,100.0,64.6,35.4,15.4,84.6
"지역",경상남도 거제시,93.5,6.5,14.9,85.1,95.3,4.7,3.7,96.3,88.6,11.4,38.3,61.7,93.0,7.0,32.8,67.2,61.0,39.0,2.5,97.5
"지역",경상남도 양산시,97.6,2.4,8.4,91.6,98.2,1.8,0.0,100.0,98.0,2.0,16.1,83.9,98.3,1.7,37.7,62.3,78.8,21.2,19.6,80.4
"지역",경상남도 의령군,96.8,3.2,51.4,48.6,96.8,3.2,63.8,36.2,94.6,5.4,30.4,69.6,96.3,3.7,33.8,66.2,84.9,15.1,20.6,79.4
"지역",경상남도 함안군,96.1,3.9,18.4,81.6,98.7,1.3,20.7,79.3,96.9,3.1,14.1,85.9,98.7,1.3,34.0,66.0,59.8,40.2,5.1,94.9
"지역",경상남도 창녕군,95.4,4.6,19.7,80.3,94.7,5.3,16.2,83.8,95.5,4.5,0.0,100.0,98.1,1.9,0.0,100.0,86.2,13.8,2.1,97.9
"지역",경상남도 고성군,99.2,0.8,0.0,100.0,99.2,0.8,0.0,100.0,98.9,1.1,0.0,100.0,98.9,1.1,0.0,100.0,80.9,19.1,0.0,100.0
"지역",경상남도 남해군,89.4,10.6,2.5,97.5,98.8,1.2,0.0,100.0,96.9,3.1,6.0,94.0,93.9,6.1,10.6,89.4,91.9,8.1,6.5,93.5
"지역",경상남도 하동군,78.8,21.2,0.0,100.0,86.8,13.2,0.0,100.0,91.2,8.8,9.0,91.0,91.6,8.4,7.0,93.0,34.1,65.9,5.3,94.7
"지역",경상남도 산청군,98.4,1.6,16.4,83.6,99.0,1.0,0.0,100.0,98.8,1.2,37.1,62.9,98.7,1.3,56.7,43.3,88.5,11.5,33.6,66.4
"지역",경상남도 함양군,99.6,0.4,0.0,100.0,99.7,0.3,0.0,100.0,99.7,0.3,0.0,100.0,99.7,0.3,0.0,100.0,99.1,0.9,0.0,100.0
"지역",경상남도 거창군,93.0,7.0,7.8,92.2,93.7,6.3,13.9,86.1,93.6,6.4,8.5,91.5,94.7,5.3,0.0,100.0,88.2,11.8,15.8,84.2
"지역",경상남도 합천군,97.3,2.7,27.2,72.8,98.0,2.0,0.0,100.0,98.0,2.0,0.0,100.0,97.8,2.2,8.7,91.3,72.2,27.8,2.9,97.1
"지역",제주특별자치도,96.7,3.3,7.8,92.2,97.7,2.3,0.0,100.0,97.3,2.7,3.5,96.5,98.0,2.0,0.0,100.0,69.6,30.4,5.4,94.6
"가구원 수",1인가구,80.5,19.5,14.5,85.5,86.3,13.7,19.3,80.7,86.8,13.2,20.5,79.5,91.9,8.1,14.8,85.2,71.6,28.4,14.0,86.0
"가구원 수",2인가구,72.5,27.5,12.5,87.5,80.4,19.6,20.1,79.9,82.7,17.3,22.8,77.2,88.7,11.3,16.0,84.0,66.0,34.0,5.8,94.2
"가구원 수",3인가구,70.0,30.0,13.7,86.3,78.4,21.6,22.9,77.1,79.6,20.4,28.3,71.7,87.4,12.6,20.3,79.7,64.3,35.7,3.3,96.7
"가구원 수",4인가구,68.7,31.3,14.0,86.0,77.5,22.5,21.0,79.0,77.9,22.1,25.1,74.9,86.7,13.3,17.1,82.9,60.7,39.3,3.4,96.6
"가구원 수",5인가구 이상,75.6,24.4,13.3,86.7,81.2,18.8,16.0,84.0,82.6,17.4,28.6,71.4,88.9,11.1,24.2,75.8,60.2,39.8,10.6,89.4
"가구원 구성",1세대 가구,72.1,27.9,12.0,88.0,79.1,20.9,18.6,81.4,81.7,18.3,22.4,77.6,87.7,12.3,15.1,84.9,64.8,35.2,5.6,94.4
"가구원 구성",2세대 가구,69.9,30.1,14.1,85.9,78.9,21.1,22.7,77.3,79.6,20.4,27.1,72.9,87.7,12.3,19.5,80.5,63.1,36.9,4.0,96.0
"가구원 구성",3세대 가구,78.2,21.8,12.2,87.8,83.4,16.6,15.0,85.0,84.6,15.4,26.3,73.7,91.3,8.7,28.3,71.7,64.5,35.5,8.6,91.4
"가구원 구성",4세대 이상 가구,74.6,25.4,51.9,48.1,77.7,22.3,1.0,99.0,78.1,21.9,42.0,58.0,80.2,19.8,40.7,59.3,58.7,41.3,4.9,95.1
"가구원 구성",1인 가구,80.5,19.5,14.5,85.5,86.3,13.7,19.3,80.7,86.8,13.2,20.5,79.5,91.9,8.1,14.8,85.2,71.6,28.4,14.0,86.0
"가구원 구성",비친족 가구,90.1,9.9,0.0,100.0,93.9,6.1,0.0,100.0,94.8,5.2,5.0,95.0,95.2,4.8,5.5,94.5,88.7,11.3,5.1,94.9
"가구원 구성",기타,91.7,8.3,0.0,100.0,91.7,8.3,0.0,100.0,96.9,3.1,0.0,100.0,96.9,3.1,0.0,100.0,64.9,35.1,0.0,100.0
"주택 종류",단독주택,81.2,18.8,9.7,90.3,87.8,12.2,9.5,90.5,88.6,11.4,19.9,80.1,92.6,7.4,13.3,86.7,70.6,29.4,8.5,91.5
"주택 종류",아파트,70.5,29.5,16.5,83.5,78.0,22.0,26.1,73.9,80.2,19.8,25.8,74.2,87.1,12.9,20.8,79.2,63.1,36.9,7.0,93.0
"주택 종류",연립ㆍ다세대주택,69.3,30.7,9.2,90.8,79.4,20.6,15.6,84.4,78.1,21.9,26.5,73.5,88.1,11.9,10.3,89.7,66.6,33.4,5.3,94.7
"주택 종류",오피스텔,76.5,23.5,13.0,87.0,80.6,19.4,12.7,87.3,80.7,19.3,14.2,85.8,89.9,10.1,9.8,90.2,72.1,27.9,5.2,94.8
"주택 종류",기타,87.6,12.4,5.9,94.1,90.3,9.7,3.7,96.3,91.6,8.4,21.5,78.5,93.5,6.5,24.8,75.2,68.6,31.4,5.7,94.3
"주택 연한",5년 미만,75.8,24.2,5.0,95.0,80.8,19.2,8.1,91.9,80.2,19.8,11.8,88.2,86.6,13.4,8.7,91.3,65.3,34.7,4.2,95.8
"주택 연한",5년~10년 미만,74.7,25.3,12.2,87.8,81.1,18.9,19.5,80.5,81.7,18.3,20.5,79.5,88.1,11.9,20.1,79.9,66.2,33.8,5.2,94.8
"주택 연한",10년~20년 미만,73.2,26.8,13.0,87.0,79.9,20.1,22.3,77.7,80.7,19.3,25.6,74.4,88.2,11.8,18.5,81.5,66.3,33.7,5.6,94.4
"주택 연한",20년~30년 미만,70.9,29.1,16.7,83.3,79.6,20.4,24.5,75.5,81.7,18.3,28.6,71.4,88.6,11.4,19.6,80.4,65.7,34.3,8.0,92.0
"주택 연한",30년 이상 ,78.0,22.0,14.4,85.6,86.9,13.1,18.0,82.0,88.5,11.5,26.6,73.4,93.3,6.7,12.2,87.8,67.4,32.6,11.2,88.8
